BEGIN TRANSACTION

----------------------------------- News -----------------------------------

INSERT INTO news(id, submittedon, title, newstext) VALUES (1, '2013-06-18 00:00:00.000', 'News 1', 'Text 1');
INSERT INTO news(id, submittedon, title, newstext) VALUES (2, '2013-06-18 00:00:00.000', 'News 2', 'Text 2');
INSERT INTO news(id, submittedon, title, newstext) VALUES (3, '2013-06-30 00:00:00.000', 'News 3', 'Text 3');
INSERT INTO news(id, submittedon, title, newstext) VALUES (4, '2013-06-30 00:00:00.000', 'News 4', 'Text 4');
INSERT INTO news(id, submittedon, title, newstext) VALUES (5, '2013-07-05 00:00:00.000', 'News 5', 'Text 5');
INSERT INTO news(id, submittedon, title, newstext) VALUES (6, '2013-07-08 00:00:00.000', 'News 6', 'Text 6');
INSERT INTO news(id, submittedon, title, newstext) VALUES (7, '2013-07-08 00:00:00.000', 'News 7', 'Text 7');
INSERT INTO news(id, submittedon, title, newstext) VALUES (8, '2013-07-08 00:00:00.000', 'News 8', 'Text 8');
INSERT INTO news(id, submittedon, title, newstext) VALUES (9, '2013-07-08 00:00:00.000', 'News 9', 'Text 9');
INSERT INTO news(id, submittedon, title, newstext) VALUES (10, '2013-07-09 00:00:00.000', 'News 10', 'Text 10');
INSERT INTO category(id,name) VALUES (1,'VIP');
INSERT INTO category(id,name) VALUES (2,'Normal');
INSERT INTO category(id,name) VALUES (3,'Special');
INSERT INTO row(id,sequence) VALUES (1,1);
INSERT INTO row(id,sequence) VALUES (2,2);
INSERT INTO row(id,sequence) VALUES (3,3);
INSERT INTO row(id,sequence) VALUES (4,4);
INSERT INTO row(id,sequence) VALUES (5,5);
INSERT INTO row(id,sequence) VALUES (6,6);
INSERT INTO row(id,sequence) VALUES (7,7);
INSERT INTO row(id,sequence) VALUES (8,8);
INSERT INTO row(id,sequence) VALUES (9,9);
INSERT INTO row(id,sequence) VALUES (10,10);
INSERT INTO gallery(id,sequence) VALUES (1,1);
INSERT INTO gallery(id,sequence) VALUES (2,2);
INSERT INTO gallery(id,sequence) VALUES (3,3);
INSERT INTO gallery(id,sequence) VALUES (4,4);
INSERT INTO gallery(id,sequence) VALUES (5,5);
INSERT INTO gallery(id,sequence) VALUES (6,6);
INSERT INTO gallery(id,sequence) VALUES (7,7);
INSERT INTO location(id,name) VALUES (1,'Tokyo');
INSERT INTO location(id,name) VALUES (2,'Seoul');
INSERT INTO room(id,loc_id) VALUES (1,1);
INSERT INTO room(id,loc_id) VALUES (2,2);
INSERT INTO performance(id,description) VALUES (1,'Sheldon Cooper presents: Fun with Flags');
INSERT INTO show(id,perf_id,room_id) VALUES (1,1,1);
INSERT INTO show(id,perf_id,room_id) VALUES (2,1,2);
INSERT INTO seat(id,sequence,cat_id,row_id,gallery_id,room_id) VALUES (1,1,1,1,1,1);
INSERT INTO seat(id,sequence,cat_id,row_id,gallery_id,room_id) VALUES (2,2,1,1,2,1);
INSERT INTO seat(id,sequence,cat_id,row_id,gallery_id,room_id) VALUES (3,3,1,1,3,1);
INSERT INTO seat(id,sequence,cat_id,row_id,gallery_id,room_id) VALUES (4,4,1,1,4,1);
INSERT INTO seat(id,sequence,cat_id,row_id,gallery_id,room_id) VALUES (5,5,1,1,5,1);
INSERT INTO seat(id,sequence,cat_id,row_id,gallery_id,room_id) VALUES (6,6,1,1,6,1);
INSERT INTO seat(id,sequence,cat_id,row_id,gallery_id,room_id) VALUES (7,7,1,1,7,1);
INSERT INTO seat(id,sequence,cat_id,row_id,gallery_id,room_id) VALUES (8,8,1,1,8,1);
INSERT INTO seat(id,sequence,cat_id,row_id,gallery_id,room_id) VALUES (9,9,1,1,9,1);
INSERT INTO seat(id,sequence,cat_id,row_id,gallery_id,room_id) VALUES (10,10,1,1,10,1);
INSERT INTO seat(id,sequence,cat_id,row_id,gallery_id,room_id) VALUES (11,11,1,2,1,1);
INSERT INTO seat(id,sequence,cat_id,row_id,gallery_id,room_id) VALUES (12,12,1,2,2,1);
INSERT INTO seat(id,sequence,cat_id,row_id,gallery_id,room_id) VALUES (13,13,1,2,3,1);
INSERT INTO seat(id,sequence,cat_id,row_id,gallery_id,room_id) VALUES (14,14,1,2,4,1);
INSERT INTO seat(id,sequence,cat_id,row_id,gallery_id,room_id) VALUES (15,15,1,2,5,1);
INSERT INTO seat(id,sequence,cat_id,row_id,gallery_id,room_id) VALUES (16,16,1,2,6,1);
INSERT INTO seat(id,sequence,cat_id,row_id,gallery_id,room_id) VALUES (17,17,1,2,7,1);
INSERT INTO seat(id,sequence,cat_id,row_id,gallery_id,room_id) VALUES (18,18,1,2,8,1);
INSERT INTO seat(id,sequence,cat_id,row_id,gallery_id,room_id) VALUES (19,19,1,2,9,1);
INSERT INTO seat(id,sequence,cat_id,row_id,gallery_id,room_id) VALUES (20,20,1,2,10,1);
INSERT INTO ticket(id,seat_id,show_id) VALUES (1,1,1);
INSERT INTO ticket(id,seat_id,show_id) VALUES (2,2,1);
INSERT INTO ticket(id,seat_id,show_id) VALUES (3,3,1);
INSERT INTO ticket(id,seat_id,show_id) VALUES (4,4,1);
INSERT INTO ticket(id,seat_id,show_id) VALUES (5,5,1);
INSERT INTO ticket(id,seat_id,show_id) VALUES (6,6,1);
INSERT INTO ticket(id,seat_id,show_id) VALUES (7,7,1);
INSERT INTO ticket(id,seat_id,show_id) VALUES (8,8,1);
INSERT INTO ticket(id,seat_id,show_id) VALUES (9,9,1);
INSERT INTO ticket(id,seat_id,show_id) VALUES (10,10,1);
INSERT INTO ticket(id,seat_id,show_id) VALUES (11,11,1);
INSERT INTO ticket(id,seat_id,show_id) VALUES (12,12,1);
INSERT INTO ticket(id,seat_id,show_id) VALUES (13,13,1);
INSERT INTO ticket(id,seat_id,show_id) VALUES (14,14,1);
INSERT INTO ticket(id,seat_id,show_id) VALUES (15,15,1);
INSERT INTO ticket(id,seat_id,show_id) VALUES (16,16,1);
INSERT INTO ticket(id,seat_id,show_id) VALUES (17,17,1);
INSERT INTO ticket(id,seat_id,show_id) VALUES (18,18,1);
INSERT INTO ticket(id,seat_id,show_id) VALUES (19,19,1);
INSERT INTO ticket(id,seat_id,show_id) VALUES (20,20,1);
COMMIT